user_id,first_name,last_name
1,Becky,Cooper
2,Pat,Hall
3,Mason,Walker
4,Suzy,Morales
5,Romain,Nguyen
6,Herminia,Cox
7,Aubree,Stanley
8,Dawn,Dixon
9,Laiba,Sinnes
10,Yoëlla,Van de Hoef
11,Charles,White
12,Jasper,Thompson
13,Leo,Nevala
14,Vildan,Avan
15,Claude,Russell
16,حامد,نكو نظر
17,Nalan,Kunt
18,Mehmet,Demirel
19,Vicente,Silva
20,Elif,Düşenkalkar
21,Mike,Cremers
22,Jessika,Klumpp
23,Bettina,Sjøblom
24,Filippa,Larsen
25,Léa,Dubois
26,Melissa,Thompson
27,Veit,Rödiger
28,اميرعلي,کوتی
29,Maël,Martin
30,Jaïro,Schmeits
31,Mike,Rhodes
32,Thea,Wang
33,Jürgen,Haarmann
34,Konstantin,Bast
35,Nikolaj,Sørensen
36,Blake,Bergeron
37,سینا,رضایی
38,Dora,Gonzalez
39,Aatu,Wuori
40,Samir,Brendel
41,Ece,Evliyaoğlu
42,Patrik,Berndt
43,Marija,Staiger
44,Safa,Rognlien
45,مریم,کامروا
46,آیناز,گلشن
47,آیلین,قاسمی
48,آیلین,موسوی
49,Nicolas,Esteban
50,Caroline,Nielsen
51,Ismael,Diaz
52,Gaël,Rodriguez
53,Jowi,Admiraal
54,Liduina,Oostindie
55,Alexandre,Wong
56,Evie,Edwards
57,Vanessa,Nguyen
58,Eni,Freitas
59,Jasper,Omland
60,Rasmus,Dammen
61,Ethan,Obrestad
62,Hailey,Anderson
63,Aimê,Rodrigues
64,Vera,Barbosa
65,Andy,Stephens
66,Marie,Andersen
67,Ragini,Jongerius
68,Astrid,Olavesen
69,Vilho,Heikkila
70,Rinke,Leijssen
71,Hayley,Smith
72,Iara,Sales
73,Alwin,Bell
74,Andrew,Freeman
75,Amber,Sutton
76,Batur,Polat
77,Albert,Ortega
78,رونیکا,رضایی
79,Tristan,Stavnes
80,Laurie,Holmes
81,James,Stephens
82,Anna,Davidson
83,Hector,Fontai
84,Max,Wright
85,Faysal,Clement
86,Witold,Kissel
87,اميرحسين,صدر
88,Timótheüs,Fidder
89,Kim,Runde
90,Todd,Parker
91,Monica,Cortes
92,Bonnie,Cole
93,Valdelaine,Monteiro
94,Melike,Adal
95,Kim,Kuhn
96,Alberto,Terry
97,Cansu,Van der Kroon
98,Isla,Smith
99,Louanne,Rey
100,Jeffrey,Jackson
101,Tristan,Bergeron
102,Mason,Zhang
103,Ömür,Saygıner
104,Clara,Lévesque
105,Mads,Pedersen
106,Kayla,Singh
107,Jayden,Jackson
108,Iolita,Oliveira
109,Levi,Hughes
110,Adrian,Moulin
111,Hanna,Asphaug
112,Adauto,Silveira
113,Dilana,Ly
114,Salustiniano,Teixeira
115,Noémie,Bélanger
116,Roni,Derikx
117,Noelia,Marcussen
118,Buse,Biçer
119,Abigail,Clark
120,Eeli,Koskinen
121,Jonathan,Prieto
122,Jörn,Horvath
123,Sarah,Gagné
124,Vanessa,Watson
125,Emma,Jørgensen
126,Çetin,Dağdaş
127,Roselei,Fogaça
128,Theo,Wilson
129,Ahmet,Caron
130,Grace,Garrett
131,Topias,Niemi
132,Angie,Farragher
133,Natalia,Torres
134,Carin,Adler
135,Alex,Guerrero
136,Mario,Delgado
137,Pilar,Caballero
138,Grace,Fisher
139,اميرعلي,گلشن
140,Loïc,Berger
141,Ege,Atakol
142,Thomas,Lecomte
143,Ceyhun,Candan
144,Dennis,Bishop
145,Siiri,Heinonen
146,Tracy,Coleman
147,Liam,Clark
148,Willie,Shaw
149,Kaya,Eliçin
150,Joakim,Kittilsen
151,Mirco,Linnemann
152,Matt,Vlak
153,Sonia,Soler
154,Danielle,Murphy
155,Felicia,Robertson
156,Myrtle,Wheeler
157,Rosa,Mortensen
158,Eugene,Morris
159,Sofia,Carlson
160,Earl,Hunter
161,Hans Jürgen,Eckhoff
162,Noelia,Blanco
163,Ladislaus,Burghardt
164,Hunter,Clarke
165,Beatriz,Soto
166,David,Lo
167,Nils,Leroux
168,Annette,Matthews
169,Rudi,Tewes
170,یاسمین,یاسمی
171,Alicja,Berglund
172,Melike,Bademci
173,Vicenta,Perez
174,Pat,Fletcher
175,Luisa,Nieto
176,Mali,Ryen
177,Charles,Pauls
178,Concepcion,Esteban
179,کیمیا,کوتی
180,Oona,Perko
181,Layla,Morales
182,Cameron,Chen
183,Faustine,Leroy
184,اميرعلي,رضاییان
185,Nicholas,Ford
186,Levi,Thomas
187,Otto,Salonen
188,Julie,Fournier
189,Lilou,Lambert
190,Jonny,Van Brunschot
191,Diego,Ferrer
192,Noélie,Rey
193,Linda,Reigstad
194,Tommi,Hanke
195,Eve,Gautier
196,Engelina,Pierik
197,Rosie,Allen
198,Amanda,Lampi
199,Jonathan,Olsen
200,Milla,Waara
201,Hugo,Meyer
202,Silas,Mortensen
203,Esteban,Vega
204,Valentin,Garrido
205,Paula,Benitez
206,Eugenio,Montero
207,Tristan,Madsen
208,Peetu,Luoma
209,Bertram,Kristensen
210,Marciele,das Neves
211,Aldrovanda,da Paz
212,Melco,da Costa
213,Debbie,Schmidt
214,Tristan,Tengesdal
215,Juan,Parra
216,Olivia,Moreau
217,پریا,گلشن
218,Oliver,Chan
219,Samu,Pesola
220,Chloe,Tucker
221,Warren,Reyes
222,Marie-Claire,Rolland
223,Tahir,Meerdink
224,Benedita,da Costa
225,Claudio,Gauthier
226,Madison,Martin
227,اميرعلي,احمدی
228,Melike,Erdoğan
229,Jesse,Harju
230,Malou,Petersen
231,Olivia,Grewal
232,Vera,Allen
233,Jennifer,Quade
234,Lotti,Gohlke
235,Jim,Douglas
236,Mathys,Lemoine
237,Olivia,May
238,Yanick,Rey
239,Vanessa,Jeppesen
240,Calvin,Holmes
241,Joanne,Evans
242,Viktoria,Berger
243,Eleanor,Knight
244,Jimi,Lammi
245,Terra,Parker
246,Iben,Soldal
247,Charlie,Fernandez
248,Vinjar,Ulset
249,Julia,Gibson
250,Øyvind,Hammer
251,Johanne,Sørensen
252,Ruben,Jacobsen
253,Mario,Saez
254,Aleksi,Harju
255,Daniel,Rasmussen
256,Allie,Stevens
257,Sofia,Christiansen
258,Okan,Aşıkoğlu
259,Luis,Roche
260,Brooklyn,Williams
261,Albert,Hansen
262,Joshua,Mills
263,Pihla,Saari
264,Ceyhun,Türkdoğan
265,تینا,احمدی
266,Lilja,Hokkanen
267,Eva,Gonzalez
268,Zahra,Tømmerås
269,Brandon,Armstrong
270,Basile,Vincent
271,Omid,Van Maaren
272,Purificacion,Martinez
273,Hansjörg,Welzel
274,Higino,da Mata
275,Gilles,Rey
276,Yasin,Van der Brug
277,Christian,Baker
278,Charlie,Roy
279,Ralph,Burns
280,Duane,Simpson
281,Tayfun,Blaauw
282,Kaitlin,Burton
283,Melanie,Fuller
284,النا,احمدی
285,Aaron,Crawford
286,Ariane,Denys
287,Becky,Rodriguez
288,Susan,Black
289,Terry,Hamilton
290,Lorenzo,Roman
291,Sophia,Hauber
292,Emma,Saarela
293,Noah,Rodrigues
294,Laura,Hawkins
295,Sofia,Pedersen
296,Nieves,Castro
297,Clyde,Phillips
298,Nalan,Yorulmaz
299,Eileen,Harrison
300,پرهام,نجاتی
301,Ernesto,Melo
302,Benjamin,Fletcher
303,Hiba,Kalkman
304,Tristan,Jimenez
305,Alessandro,Ferber
306,Louis,Fernandez
307,Mia,Sims
308,Eduardo,Roberts
309,Amelia,Lévesque
310,Joona,Hakola
311,Thibaut,Hubert
312,Vladislava,da Rocha
313,Anton,Madsen
314,Caitlin,Moore
315,Dylan,Webb
316,Georgia,Rivera
317,هلیا,گلشن
318,Diego,Moreno
319,محمدطاها,محمدخان
320,Sophie,Kowalski
321,Neea,Toro
322,Billie,Broere
323,Olivia,Pedersen
324,Asta,Wik
325,Deniz,Aykaç
326,Cecilie,Sørensen
327,Flynn,Kumar
328,Shakira,Oegema
329,Lotta,Hanka
330,Natalia,Iglesias
331,Beatrice,Young
332,Megan,Watts
333,Connie,Moore
334,Liam,Bentsen
335,Barb,Mckinney
336,Fernão de Magalhães,Barbosa
337,Lena,Chevalier
338,Edmundo,Lima
339,Leevi,Marttila
340,سوگند,رضایی
341,Andries,Messemaker
342,Lauritz,Torland
343,Emily,Olsen
344,Juho,Saari
345,Meret,Blanc
346,Vincent,Cooper
347,Antonia,Prieto
348,Reza,Van Eldik
349,Julie,Thomsen
350,Sara,Frazier
351,Alessandra,Perez
352,Jacob,Pedersen
353,Raquel,Herrero
354,Marco,Vargas
355,Elif,Köylüoğlu
356,Lolita,Cavalcanti
357,Wyatt,Edwards
358,Eva,Jones
359,Eline,Chevalier
360,Herman,Adams
361,Brittany,Larson
362,Babür,Akay
363,Fimke,Nagtzaam
364,Molly,Hopkins
365,Salvador,Meyer
366,Romeo,Martin
367,آوا,سهيلي راد
368,Ileen,Remmerswaal
369,Viljami,Jarvi
370,Rosl,Suhr
371,Milo,Gonzalez
372,Levi,Nilsson
373,Jenneken,Op den Kelder
374,Silvia,Platz
375,Alexander,Chan
376,Elli,Takala
377,Isaac,Soto
378,Luis,Anderson
379,Hannah,Walker
380,Ella,Scott
381,Oliver,King
382,Logan,Chu
383,Janko,Langenbach
384,Necati,Yazıcı
385,Tim,Lopez
386,Claudio,Deschamps
387,Adrian,Nichols
388,Susanne,Gilbert
389,Vedat,Arslanoğlu
390,Louison,Sanchez
391,Nenad,Lucas
392,Hélder,Porto
393,Esma,Tuğlu
394,Mehmet,Karabulut
395,Ella,Hietala
396,Imogen,Anderson
397,Henning,Møgster
398,Eemil,Sippola
399,Philip,Olsen
400,Stanley,Romero
401,Léandro,Guillaume
402,Donya,Heidstra
403,Manuel,Pascual
404,ملینا,پارسا
405,Cesar,Torres
406,Isaltino,Rodrigues
407,Oona,Salo
408,Heidi,Lane
409,Ritthy,Marshall
410,Raquélen,Nunes
411,Phoebe,Thompson
412,Natalie,Stone
413,Alisa,Justi
414,Ayşe,Pekkan
415,Maria,Aguilar
416,Constance,Webb
417,Vilma,Sippola
418,Charles,Williamson
419,Stanley,Graham
420,بیتا,کریمی
421,Nathan,Graham
422,غزل,موسوی
423,Rosivalda,Nascimento
424,Alejandra,Hidalgo
425,Larissa,Moura
426,Belgin,Winkels
427,Tércio,Gonçalves
428,Jaime,Castillo
429,Saeed,Pranger
430,Emre,Koyuncu
431,Montserrat,Castillo
432,Myriam,Khodabaks
433,Marie,Johansen
434,Wade,Carpenter
435,Tyler,Robinson
436,Abigail,Brewer
437,Nina,Bertrand
438,Franca,Porto
439,Sieb,Suk
440,Aubin,Morel
441,Peggy,Hicks
442,Isabella,Hansen
443,Oskari,Couri
444,Raul,Chambers
445,Daniel,Mitchell
446,Ella,Garcia
447,Sarah,Sanders
448,Mario,Morin
449,Afet,Keseroğlu
450,Rachel,Graham
451,Cameron,Johnson
452,Sophie,Kumar
453,Joan,Torres
454,Phillip,Ellis
455,Samuel,Bélanger
456,Ulrikke,Børstad
457,Dolores,Robinson
458,Logan,Pierce
459,Maëlle,David
460,کیانا,علیزاده
461,Gabriel,Dupont
462,پرنیا,قاسمی
463,Soline,Blanc
464,Manuela,Poiesz
465,Bertha,Hernandez
466,Yolanda,Lopez
467,Brielle,Chu
468,Oscar,Diez
469,Natalia,Rodriguez
470,Malthe,Madsen
471,Ece,Karaböcek
472,Oya,Kuday
473,Ricardo,Stegmaier
474,Amparo,Ibañez
475,Teresa,Mathieu
476,Veraldina,Gonçalves
477,Alyssa,Le Gall
478,Gary,Chapman
479,Valdo,Barbosa
480,Joshua,Holland
481,Mathis,Barbier
482,Maja,Larsen
483,Felizitas,Lehmann
484,Peter,Alfheim
485,Gabriela,Langhans
486,Norberta,Nogueira
487,Emma,Mantyla
488,Antonin,Gonzalez
489,Caroline,Rasmussen
490,Lou,Lemaire
491,Joona,Koski
492,رها,رضاییان
493,Alexis,Morin
494,Zackary,Chan
495,Enrique,Adams
496,Djura,Niels
497,سینا,قاسمی
498,Jeanette,Carpenter
499,Fernando,Carmona
500,Roberta,Alves
501,Leandro,Faure
502,Casper,Toft
503,Brian,Berry
504,Keira,Morris
505,Jürgen,Denis
506,Jade,Abraham
507,Asta,Nordal
508,Vicky,Moore
509,Theobald,Asmus
510,Zachary,Edwards
511,Sara,Makinen
512,Sophia,Gerard
513,Ian,Perkins
514,Alfonso,Ibañez
515,Raul,Santiago
516,Lotte,Hegdal
517,Sonia,Medina
518,Edona,Brun
519,Anton,Jørgensen
520,Arthur,Davies
521,Mestan,Kuzucu
522,باران,احمدی
523,Maëlia,Renard
524,Angelina,Rolland
525,رهام,سلطانی نژاد
526,Yolande,Roche
527,Rodrigo,Chevalier
528,Alma,Reyes
529,Franklin,Henry
530,Paula,Sanz
531,Brigite,Oliveira
532,Arttu,Keto
533,Victor,Patel
534,محمد,نكو نظر
535,Samuel,Calvo
536,Astrid,Schoof
537,Koray,Küçükler
538,Nieves,Delgado
539,Evan,Anderson
540,Brigitta,Bonnet
541,Hans-Walter,Merker
542,Angel,Barbier
543,Gabrielle,Gautier
544,Eino,Nevala
545,Franklin,Holt
546,Téo,Pierre
547,درسا,زارعی
548,Michael,Van der Weijden
549,Tony,Bradley
550,Virginia,Velasco
551,Ella,Nevala
552,سینا,علیزاده
553,Elliot,Lévesque
554,Mille,Poulsen
555,Frank,Campbell
556,Angela,Engevik
557,Carmela,Van Zeijl
558,Alois,Dupont
559,Janis,Guerin
560,Byron,Pierce
561,آرسین,کوتی
562,Alfons,Louis
563,Bibiano,Gonçalves
564,Lima,da Mota
565,Nina,Davies
566,Ülkü,Solmaz
567,Nevaeh,Hughes
568,Sergio,Ramos
569,Gabriel,Lozano
570,Perry,Jennings
571,Elias,Pollari
572,Maxence,Renard
573,Murat,Sandalcı
574,Jacob,Johansen
575,Oscar,Jimenez
576,حسین,مرادی
577,Noa,Meyer
578,Lonnie,Ellis
579,Almir,Flipsen
580,Liam,Kumar
581,Murat,Schmitt
582,Ina,Sattler
583,Amelia,Carlson
584,Concepcion,Montero
585,Reginald,Hunt
586,Beat,Gauthier
587,Jessica,Singh
588,Nadine,Adam
589,Nanna,Madsen
590,Victor,Roche
591,Lourdes,Esteban
592,Rúben,Barros
593,David,Ambrose
594,Virginia,Lipinski
595,Kelly,Jones
596,Abbas,Nur
597,Franklin,Burns
598,عسل,كامياران
599,Oliver,Velle
600,Mathis,Roy
601,Niilo,Couri
602,Johnni,Cook
603,Matthew,Green
604,Jackson,Smith
605,Oliver,Ahonen
606,Pamela,Jacobs
607,Kenneth,Mason
608,یاسمن,سالاری
609,Claude,Andre
610,Fatih,Çamdalı
611,Peggy,Peck
612,Brendan,Steward
614,Noélie,Moreau
615,بردیا,قاسمی
616,Ruben,Bradley
618,Alexis,Le Gall
619,Frederik,Poulsen
620,Josefine,Poulsen
621,سهیل,سالاری
622,Peter,Solevåg
623,Louella,Wade
624,Louis,Morin
625,Indie,Green
626,Samantha,Shaw
627,Songül,Gries
628,Beatrice,Thompson
629,Laura,Miller
630,Raquel,Moya
631,Cléa,Gauthier
632,Sharlene,Adams
633,Samuel,Bergesen
634,Edgar,Owens
635,Caitlin,Gray
636,Leslie,Cunningham
637,Kadir,Koçoğlu
638,Caroline,Jensen
639,Sofia,Kristensen
640,زهرا,رضاییان
641,Nelly,Bröcker
642,Maëly,Martinez
643,Janick,Vreeman
644,حامد,زارعی
645,Fabienne,Jean
646,Felix,Anderson
647,Mike,Phillips
648,Bella,Chen
649,John,Aguilar
650,Maria,Morris
651,Marion,Francois
652,Dwayne,Walker
653,آوین,کامروا
654,Carl,Rasmussen
655,Esther,Santana
656,Concetta,Thomas
657,Reda,Van der Plas
658,Angie,Lawson
659,Fiona,Berry
660,Iker,Gimenez
661,Osmano,Pires
662,Ricky,Reyes
663,Florence,Berry
664,اميرحسين,حیدری
665,Carmen,Horton
666,Julio,Bravo
667,Brennan,Spencer
668,Viljami,Arola
669,Fé,Leendertse
670,Youness,Korver
671,Lorena,Mendes
672,Karl-Heinrich,Franzke
673,Emily,Patel
674,Ava,Evans
675,پریا,علیزاده
676,Yusuf,Pullens
677,Maddison,Macrae
678,Jorge,Hunter
679,Kas,De Ruiter
680,Kylie,Mills
681,Leevi,Kurtti
682,Jesus,Ramos
683,Esat,Tahincioğlu
684,Samu,Remes
685,Mario,Arnold
686,Jessica,Rhodes
687,Scarlett,Wagner
688,Sadie,Walker
689,Mehmet,Abanuz
690,Mitchell,Newman
691,Benito,Ibañez
692,Mario,Serrano
693,Astrid,Larsen
694,Nurdan,Yazıcı
695,Neeltje,Licht
696,Donna,Jordan
697,Virgil,Thomas
698,Layla,Sanchez
699,Soham,Davis
700,Gerjon,Stempher
701,Mélina,Michel
702,Wally,Kretschmer
703,Christian,Rasmussen
704,Derrick,Burke
705,Maria,Kristensen
706,Jade,Macdonald
707,Alberto,Gallardo
708,Roseni,da Costa
709,August,Frisvold
710,Arman,Liland
711,Adolfo,Esteban
712,Wieland,Selle
713,Samantha,Hill
714,Leila,Pierre
715,Lauren,Morgan
716,Brent,Little
717,Elizabeth,Lynch
718,Ella,Ginnish
719,Geraldo,Dias
720,Kerttu,Annala
721,Jordi,Gomez
722,Cassandra,Larson
723,Kaitlin,Ward
724,Keith,Anderson
725,Pedro,Mendez
726,Camille,Brar
727,محمدطاها,رضاییان
728,Ralph,Banks
729,نیایش,پارسا
730,Sophie,Knight
731,Sami,Kallevik
732,Väinö,Wirta
733,Ryan,Gray
734,ثنا,کریمی
735,Andreas,Christiansen
736,Gema,Fuentes
737,درسا,سالاری
738,Duane,Morgan
739,آیلین,علیزاده
740,Léo,Nicolas
741,Anthony,Lee
742,Sharon,Mitchell
743,Albert,Mortensen
744,Guiseppe,Grunewald
745,Rose,Grewal
746,Emma,Rintala
747,Elliott,Nordtømme
748,Ezra,Turner
749,Javier,Hale
750,Norman,Rivera
751,Victoria,Andersen
752,Svetlana,Pfeiffer
753,Belen,Ramirez
754,Sheryl,Brady
755,Mestan,Dizdar
756,Rasmus,Møller
757,Necati,Alpuğan
758,Jean,Pierre
759,Purificacion,Leon
760,Seth,Newman
761,Melissa,Pierce
762,Eléna,Fontai
763,Adam,Mackay
764,Alberte,Olsen
765,Daniela,Jimenez
766,Elsa,Kyllo
767,Soham,Bradley
768,Yonathan,Wester
769,Valéria,Gomes
770,Isabelle,Graves
771,Emre,Poçan
772,رضا,کوتی
773,Nikolaj,Hägele
774,Mason,Hughes
775,Marion,Cole
776,Jimmy,Sanchez
777,Ceylan,Atakol
778,Blake,Chow
779,Emily,Larson
780,Gerald,Jennings
781,Jurrien,De Wijs
782,Tara,Dumas
783,Geertje,Fung
784,Asuncion,Montero
785,Estevão,Moreira
786,Elsa,Salonen
787,Louka,Meyer
788,Josefine,Madsen
789,William,Kowalski
790,Dorit,Nicolai
791,Aino,Hietala
792,Mercedes,Martinez
793,Noa,Vestly
794,Niete,Costa
795,Camille,Johnson
796,Armand,Gauthier
797,Linea,Røyland
798,Lynn,Reynolds
799,Siiri,Saari
800,Kenzi,Vargas
801,Warren,Evans
802,Logan,Kuhn
803,Kitty,Brooks
804,Chester,Hale
805,Charlotte,Anderson
806,Marin,Gauthier
807,Alberto,Pastor
808,Edineusa,Monteiro
809,Danny,Johnston
810,Jian,Zweers
811,Chad,Griffin
812,Toivo,Haataja
813,Belinda,Berger
814,Alfredo,Collins
815,Vincent,Ennis
816,Harper,Chan
817,Noah,Grewal
818,Manuel,Iglesias
819,آرش,علیزاده
820,Rocio,Cano
821,Radouane,Gravesteijn
822,Carola,Duval
823,Lola,Roche
824,Gonçalo,Hubert
825,Jeanne,Miller
826,Mirela,Lopes
827,Latife,Kaplangı
828,Lily,Ambrose
829,Yolanda,Garza
830,Guarani,Rodrigues
831,Vildan,Akbulut
832,Arthur,Anderson
833,Felix,Pedersen
834,Esat,Kumcuoğlu
835,Aatu,Salminen
836,Luke,Godschalk
837,Jace,Helderman
838,Nurettin,Alexander
839,Victoria,Rasmussen
840,Bodo,Hoff
841,Jared,Kennedy
842,Samir,Brun
843,Neil,Jennings
844,Arne,Flatmo
845,Enrico,Budde
846,Dominik,Svihus
847,Alberte,Pedersen
848,Samuel,Renard
849,William,Thomas
850,Clarissa,Rahn
851,El,Scheerman
852,Wester,Benders
853,Brandon,Newman
854,Thomas,Turner
855,Josef,Freeman
856,Asta,Andersen
857,Zita,Trost
858,Levi,Lynch
859,Davut,Biçer
860,Wiktor,Skogli
861,Louka,Henry
862,Efe,Akar
863,Barbara,Richards
864,Suraje,Rocha
865,Heide-Marie,Göbel
866,Zackary,Lévesque
867,Ümit,Sinanoğlu
868,Wilfriede,Hagen
869,Tim,Leclerc
870,Art,Cooper
871,Samantha,Adams
872,Jonas,Garcia
873,Kurt,Bryant
874,Emilia,Koskela
875,Gene,Ferguson
876,Carter,Tremblay
877,Kasper,Tuominen
878,Silke,Pedersen
879,Maeva,Ambrose
880,فاطمه زهرا,سهيلي راد
881,Marianne,Gauthier
882,Oğuzhan,Karaböcek
883,Cooper,Jackson
884,Christian,Kristensen
885,Mason,Ramos
886,Sally,Holland
887,Dana,Larson
888,Carolin,Mehler
889,Aloïs,Mathieu
890,Thea,Martin
891,Adrianus,Chow
892,James,Côté
893,Mia,Wood
894,Daniel,Erkkila
895,Raul,Day
896,Lyam,Schmitt
897,Alzira,da Conceição
898,Aubrey,French
899,William,Ennis
900,Adelgunde,Salomon
901,Diane,Rice
902,Leroy,Ross
903,Giuseppe,Hille
904,Analide,da Paz
905,Selma,Christensen
906,Ashton,Taylor
907,ثنا,نجاتی
908,Tilia,Njærheim
909,Tracy,Ryan
910,Dolores,Arias
911,Andrea,Weaver
912,Florence,Williamson
913,Maayke,Pullens
914,Emil,Lassila
915,Billy,Lee
916,Clasina,Knijn
917,Aurora,Esteban
918,Cassandra,Aubert
919,Aylin,Forberg
920,Michelle,Bradley
921,Kyle,Nguyen
922,Chester,Shelton
923,Özkan,Uluhan
924,Mathias,Jensen
925,Pietro,Prüfer
926,Anton,Hansen
927,Benas,Midtun
928,Maya,Chan
929,Arron,Matthews
930,Teresa,Allen
931,Zara,Zhang
932,Akseli,Leinonen
933,احسان,زارعی
934,Sandro,Barbier
935,سوگند,کامروا
936,Berthold,Weigl
937,Irma,Lee
938,Sandra,Vincent
939,Cameron,Frazier
940,Joice,Caldeira
941,Helle,Aurstad
942,Dena,Moura
943,Olivia,Holmes
944,Benjamin,Løvberg
945,Cyril,Leclercq
946,یلدا,نجاتی
947,Susan,Flores
948,Felix,Burton
949,Eirill,Claussen
950,Christian,Esteban
951,Eliza,Mills
952,Jar,Kelly
953,Irmtrud,Stehle
954,Eevi,Erkkila
955,Harriet,Smith
956,Oğuzhan,Kumcuoğlu
957,Oliver,Rasmussen
958,Ava,Lo
959,Umut,Önür
960,علیرضا,محمدخان
961,یاسمین,نجاتی
962,Nicole,Clark
963,رادین,احمدی
964,Oliver,Thompson
965,Lili,Loer
966,Joona,Latvala
967,Selina,Louis
968,Nooa,Rajala
969,Insa,Carstens
970,Filippa,Andersen
971,Zoe,Chen
972,Enrique,Green
973,Efe,Örge
974,Esteban,Velasco
975,Caroline,Årdal
976,Caitlin,Edwards
977,Diedrich,Essig
978,Tiago,David
979,Terry,Byrd
980,Felix,Romero
981,Maude,Andre
982,Camille,Robin
983,Sharon,Kelly
984,Kate,Garza
985,Elly,Høiland
986,Alicia,Walker
987,Sedef,Alnıaçık
988,Kübra,Atan
989,Judy,White
990,Suzana,Lima
991,Kevin,Reichel
992,مرسانا,صدر
993,Rachel,Legrand
994,Morris,Ross
995,Leanne,Lo
996,Angus,Kumar
997,Arnold,Roberts
998,Magdalena,Souza
999,Alisha,Øyen
1000,Birgit,Blanc
1020,,
1021,,
